Total Count,Total Area,Min Area,Max Area,Avg Area
10000,25030733.66941007,0.0643602289153509,9874.610465755648,2503.0733669409874
