Total count,Total Area,Max Area,Min Area,Avg Area
10000,25030733.669409875,9874.610465755648,0.06436022891535075,2503.0733669409874
